[
    {
        "name": "jdcclown_hold_right",
        "time": 9315,
        "duration": 749
    },
    {
        "name": "jdcclown_turn_right",
        "time": 12501,
        "duration": 750
    },
    {
        "name": "jdcclown_turn_left",
        "time": 13251,
        "duration": 750
    },
    {
        "name": "jdcclown_turn_right",
        "time": 14001,
        "duration": 750
    },
    {
        "name": "jdcclown_turn_left",
        "time": 14751,
        "duration": 749
    },
    {
        "name": "jdcclown_p3_snap",
        "time": 16063,
        "duration": 562
    },
    {
        "name": "jdcclown_p3_snap",
        "time": 17564,
        "duration": 562
    },
    {
        "name": "jdcclown_hold_right",
        "time": 21313,
        "duration": 751
    },
    {
        "name": "jdcclown_turn_right",
        "time": 24501,
        "duration": 750
    },
    {
        "name": "jdcclown_turn_left",
        "time": 25251,
        "duration": 750
    },
    {
        "name": "jdcclown_turn_right",
        "time": 26001,
        "duration": 750
    },
    {
        "name": "jdcclown_turn_left",
        "time": 26751,
        "duration": 750
    },
    {
        "name": "jdcclown_p3_snap",
        "time": 28064,
        "duration": 563
    },
    {
        "name": "jdcclown_p3_snap",
        "time": 29565,
        "duration": 562
    },
    {
        "name": "jdcclown_p3_hold_hand_1",
        "time": 36504,
        "duration": 750
    },
    {
        "name": "jdcclown_p3_hold_hand_2",
        "time": 37254,
        "duration": 751
    },
    {
        "name": "jdcclown_p3_hold_hand_1",
        "time": 39506,
        "duration": 751
    },
    {
        "name": "jdcclown_p3_hold_hand_2",
        "time": 40257,
        "duration": 750
    },
    {
        "name": "jdcclown_swing_in",
        "time": 41195,
        "duration": 751
    },
    {
        "name": "jdcclown_swing_out",
        "time": 41946,
        "duration": 751
    },
    {
        "name": "jdcclown_swing_in",
        "time": 42697,
        "duration": 750
    },
    {
        "name": "jdcclown_swing_out",
        "time": 43447,
        "duration": 751
    },
    {
        "name": "jdcclown_swing_in",
        "time": 44198,
        "duration": 750
    },
    {
        "name": "jdcclown_punch_in",
        "time": 47012,
        "duration": 750
    },
    {
        "name": "jdcclown_small_circle",
        "time": 47762,
        "duration": 750
    },
    {
        "name": "jdcclown_punch_in",
        "time": 48512,
        "duration": 750
    },
    {
        "name": "jdcclown_small_circle",
        "time": 49262,
        "duration": 749
    },
    {
        "name": "jdcclown_piano_start",
        "time": 50011,
        "duration": 562
    },
    {
        "name": "jdcclown_piano_end",
        "time": 50573,
        "duration": 562
    },
    {
        "name": "jdcclown_piano_start",
        "time": 51510,
        "duration": 561
    },
    {
        "name": "jdcclown_piano_end",
        "time": 52071,
        "duration": 561
    },
    {
        "name": "jdcclown_p3_open",
        "time": 55445,
        "duration": 567
    },
    {
        "name": "jdcclown_p3_open_2",
        "time": 56945,
        "duration": 559
    },
    {
        "name": "jdcclown_p3_beg",
        "time": 63689,
        "duration": 562
    },
    {
        "name": "jdcclown_p3_beg_end",
        "time": 64251,
        "duration": 563
    },
    {
        "name": "jdcclown_hold_right",
        "time": 73817,
        "duration": 748,
        "goldMove": 1
    },
    {
        "name": "jdcclown_turn_right",
        "time": 77001,
        "duration": 750
    },
    {
        "name": "jdcclown_turn_left",
        "time": 77751,
        "duration": 750
    },
    {
        "name": "jdcclown_turn_right",
        "time": 78501,
        "duration": 750
    },
    {
        "name": "jdcclown_turn_left",
        "time": 79251,
        "duration": 749
    },
    {
        "name": "jdcclown_p3_snap",
        "time": 80563,
        "duration": 563
    },
    {
        "name": "jdcclown_p3_snap",
        "time": 82065,
        "duration": 562
    },
    {
        "name": "jdcclown_hold_right",
        "time": 85814,
        "duration": 750
    },
    {
        "name": "jdcclown_turn_right",
        "time": 89001,
        "duration": 750
    },
    {
        "name": "jdcclown_turn_left",
        "time": 89751,
        "duration": 751
    },
    {
        "name": "jdcclown_turn_right",
        "time": 90502,
        "duration": 750
    },
    {
        "name": "jdcclown_turn_left",
        "time": 91252,
        "duration": 750
    },
    {
        "name": "jdcclown_p3_snap",
        "time": 92565,
        "duration": 562
    },
    {
        "name": "jdcclown_p3_snap",
        "time": 94065,
        "duration": 562
    },
    {
        "name": "jdcclown_p3_hold_hand_1",
        "time": 101001,
        "duration": 750
    },
    {
        "name": "jdcclown_p3_hold_hand_2",
        "time": 101751,
        "duration": 751
    },
    {
        "name": "jdcclown_p3_hold_hand_1",
        "time": 104002,
        "duration": 750
    },
    {
        "name": "jdcclown_p3_hold_hand_2",
        "time": 104752,
        "duration": 750
    },
    {
        "name": "jdcclown_swing_in",
        "time": 105690,
        "duration": 750
    },
    {
        "name": "jdcclown_swing_out",
        "time": 106440,
        "duration": 749
    },
    {
        "name": "jdcclown_swing_in",
        "time": 107189,
        "duration": 751
    },
    {
        "name": "jdcclown_swing_out",
        "time": 107940,
        "duration": 751
    },
    {
        "name": "jdcclown_swing_in",
        "time": 108691,
        "duration": 750
    },
    {
        "name": "jdcclown_punch_in",
        "time": 111503,
        "duration": 750
    },
    {
        "name": "jdcclown_small_circle",
        "time": 112253,
        "duration": 749
    },
    {
        "name": "jdcclown_punch_in",
        "time": 113002,
        "duration": 750
    },
    {
        "name": "jdcclown_small_circle",
        "time": 113752,
        "duration": 750
    },
    {
        "name": "jdcclown_piano_start",
        "time": 114502,
        "duration": 563
    },
    {
        "name": "jdcclown_piano_end",
        "time": 115065,
        "duration": 562
    },
    {
        "name": "jdcclown_piano_start",
        "time": 116002,
        "duration": 563
    },
    {
        "name": "jdcclown_piano_end",
        "time": 116565,
        "duration": 563
    },
    {
        "name": "jdcclown_p3_open",
        "time": 119940,
        "duration": 562
    },
    {
        "name": "jdcclown_p3_open_2",
        "time": 121440,
        "duration": 562
    },
    {
        "name": "jdcclown_p3_beg",
        "time": 128203,
        "duration": 565
    },
    {
        "name": "jdcclown_p3_beg_end",
        "time": 128768,
        "duration": 565
    },
    {
        "name": "jdcclown_hold_right",
        "time": 138318,
        "duration": 750,
        "goldMove": 1
    },
    {
        "name": "jdcclown_turn_right",
        "time": 141502,
        "duration": 750
    },
    {
        "name": "jdcclown_turn_left",
        "time": 142252,
        "duration": 750
    },
    {
        "name": "jdcclown_turn_right",
        "time": 143002,
        "duration": 750
    },
    {
        "name": "jdcclown_turn_left",
        "time": 143752,
        "duration": 750
    },
    {
        "name": "jdcclown_p3_snap",
        "time": 145065,
        "duration": 562
    },
    {
        "name": "jdcclown_p3_snap",
        "time": 146565,
        "duration": 563
    },
    {
        "name": "jdcclown_hold_right",
        "time": 150316,
        "duration": 750
    },
    {
        "name": "jdcclown_turn_right",
        "time": 153503,
        "duration": 750
    },
    {
        "name": "jdcclown_turn_left",
        "time": 154253,
        "duration": 750
    },
    {
        "name": "jdcclown_turn_right",
        "time": 155003,
        "duration": 750
    },
    {
        "name": "jdcclown_turn_left",
        "time": 155753,
        "duration": 750
    },
    {
        "name": "jdcclown_p3_snap",
        "time": 157066,
        "duration": 562
    },
    {
        "name": "jdcclown_p3_snap",
        "time": 158566,
        "duration": 562
    },
    {
        "name": "jdcclown_punch_in",
        "time": 165503,
        "duration": 750
    },
    {
        "name": "jdcclown_small_circle",
        "time": 166253,
        "duration": 750
    },
    {
        "name": "jdcclown_punch_in",
        "time": 167003,
        "duration": 750
    },
    {
        "name": "jdcclown_small_circle",
        "time": 167753,
        "duration": 750
    },
    {
        "name": "jdcclown_piano_start",
        "time": 168503,
        "duration": 563
    },
    {
        "name": "jdcclown_piano_end",
        "time": 169066,
        "duration": 562
    },
    {
        "name": "jdcclown_piano_start",
        "time": 170003,
        "duration": 563
    },
    {
        "name": "jdcclown_piano_end",
        "time": 170566,
        "duration": 562
    },
    {
        "name": "jdcclown_punch_in",
        "time": 171503,
        "duration": 750
    },
    {
        "name": "jdcclown_small_circle",
        "time": 172253,
        "duration": 750
    },
    {
        "name": "jdcclown_punch_in",
        "time": 173003,
        "duration": 750
    },
    {
        "name": "jdcclown_small_circle",
        "time": 173753,
        "duration": 750
    },
    {
        "name": "jdcclown_piano_start",
        "time": 174503,
        "duration": 563
    },
    {
        "name": "jdcclown_piano_end",
        "time": 175066,
        "duration": 562
    },
    {
        "name": "jdcclown_piano_start",
        "time": 176003,
        "duration": 563
    },
    {
        "name": "jdcclown_piano_end",
        "time": 176566,
        "duration": 562
    },
    {
        "name": "jdcclown_p3_pose",
        "time": 178066,
        "duration": 562
    },
    {
        "name": "jdcclown_p1_solo_open",
        "time": 182191,
        "duration": 562
    },
    {
        "name": "jdcclown_p1_pose_solo",
        "time": 182753,
        "duration": 562,
        "goldMove": 1
    },
    {
        "name": "jdcclown_hold_right",
        "time": 183315,
        "duration": 751
    },
    {
        "name": "jdcclown_turn_right",
        "time": 186503,
        "duration": 750
    },
    {
        "name": "jdcclown_turn_left",
        "time": 187253,
        "duration": 750
    },
    {
        "name": "jdcclown_turn_right",
        "time": 188003,
        "duration": 750
    },
    {
        "name": "jdcclown_turn_left",
        "time": 188753,
        "duration": 750
    },
    {
        "name": "jdcclown_p3_snap",
        "time": 190066,
        "duration": 562
    },
    {
        "name": "jdcclown_p3_snap",
        "time": 191566,
        "duration": 562
    },
    {
        "name": "jdcclown_hold_right",
        "time": 195317,
        "duration": 750
    },
    {
        "name": "jdcclown_turn_right",
        "time": 198506,
        "duration": 750
    },
    {
        "name": "jdcclown_turn_left",
        "time": 199256,
        "duration": 750
    },
    {
        "name": "jdcclown_turn_right",
        "time": 200006,
        "duration": 751
    },
    {
        "name": "jdcclown_turn_left",
        "time": 200757,
        "duration": 750
    },
    {
        "name": "jdcclown_p3_snap",
        "time": 202070,
        "duration": 562
    },
    {
        "name": "jdcclown_p3_snap",
        "time": 203571,
        "duration": 562
    },
    {
        "name": "jdcclown_p3_final_pose",
        "time": 212004,
        "duration": 750
    }
]