{"imageSize":{"width":370,"height":256},"images":{"attitude_ar":[0,0],"back_to_position_mo":[370,0],"circle_solo_mo":[740,0],"coach1_gold_go":[1110,0],"coach_solo_mo":[1480,0],"dominate_ar_mo":[1850,0],"final_pose_ar":[0,256],"force_ar":[370,256],"force_right_ar":[740,256],"go_back_mo":[1110,256],"hand_left_ar":[1480,256],"hand_right_ar":[1850,256],"hand_right_ar_gold":[0,512],"hard_punch_pu":[370,512],"hold_left_head_ar":[740,512],"look_left_ar":[1110,512],"main_coach_spin_ar":[1480,512],"main_jump_ju_ar":[1850,512],"move_in_mo_sh":[0,768],"move_side_mo":[370,768],"open_front_ar":[740,768],"pray_break_ar":[1110,768],"pray_down_ar":[1480,768],"pray_up_ar":[1850,768],"pull_po":[0,1024],"push_down_ar_cl":[370,1024],"side_coach_gold_go":[740,1024],"side_dancers_spin_ar":[1110,1024],"sit_down_ar":[1480,1024],"snap_jump_cl_ju":[1850,1024],"snap_second_jump_cl_ju":[0,1280],"spin_ar":[370,1280],"swing_ar_mo":[740,1280],"throw_hand_pu":[1110,1280],"turn_head_right_ar":[1480,1280],"walk_mo":[1850,1280]}}